<?xml version="1.0" encoding="UTF-8" ?>
<!DOCTYPE mapper
  PUBLIC "-//mybatis.org//DTD Mapper 3.0//EN"
  "https://mybatis.org/dtd/mybatis-3-mapper.dtd">
<mapper namespace="com.MovieProject.Dao.MovieDao">

	<select id="selectRankMovList" resultType="com.MovieProject.Dto.Movie" >
		
		SELECT *
		FROM ( 
				SELECT MV.MVCODE, MV.MVTITLE, MV.MVDIRECTOR, MV.MVACTORS, 
				       MV.MVGENRE, MV.MVINFO, TO_CHAR(MV.MVOPEN,'YYYY-MM-DD') AS MVOPEN,
		               MV.MVPOSTER, MV.MVSTATE, 
				       NVL(RE.RECOUNT,0) AS RECOUNT
				FROM MOVIES MV
     		        LEFT OUTER JOIN ( SELECT MVCODE, 
                                             COUNT(MVCODE) AS RECOUNT
                                      FROM RESERVES
                                      GROUP BY MVCODE ) RE
                    ON MV.MVCODE = RE.MVCODE
                WHERE MV.MVCODE IN ( SELECT MVCODE FROM SCHEDULES WHERE SCDATE > SYSDATE )
                ORDER BY RECOUNT DESC
		       )
		WHERE ROWNUM BETWEEN 1 AND 6
			
	</select>

	<select id="selectDetailMovie" resultType="mov">
		SELECT MVCODE, MVTITLE, MVDIRECTOR, MVACTORS, MVGENRE,  
		       MVINFO, TO_CHAR(MVOPEN,'YYYY-MM-DD') AS MVOPEN,
		       MVPOSTER, MVSTATE
		FROM MOVIES
		WHERE MVCODE = #{mvcode}
	</select>

	<select id="selectMovieList" resultType="mov">
		SELECT MVCODE, MVTITLE, MVDIRECTOR, MVACTORS, MVGENRE, 
		       MVINFO, TO_CHAR(MVOPEN,'YYYY-MM-DD') AS MVOPEN,
		       MVPOSTER, MVSTATE
		FROM MOVIES
		WHERE MVCODE IN ( SELECT MVCODE 
		                  FROM SCHEDULES
		                  WHERE SCDATE > SYSDATE
		                <if test="selThCode != 'ALL'"> 
				          AND THCODE = #{selThCode}
						</if> 
		                  GROUP BY MVCODE )
		ORDER BY MVOPEN DESC
	</select>

	<select id="selectTheaterList" resultType="com.MovieProject.Dto.Theater">
		SELECT *
		FROM THEATERS
		WHERE THCODE IN ( SELECT THCODE 
		                  FROM SCHEDULES
		                  WHERE SCDATE > SYSDATE
		             <if test="selMvcode != 'ALL'"> 
				          AND MVCODE = #{selMvcode}
				     </if> 
		                  GROUP BY THCODE )
		ORDER BY THCODE
	</select>

	<select id="selectScheduleDateList" resultType="com.MovieProject.Dto.Schedule">
		SELECT TO_CHAR(SCDATE,'YYYY-MM-DD') AS SCDATE
		FROM SCHEDULES
		WHERE SCDATE > SYSDATE
		  AND MVCODE = #{mvcode} 
		  AND THCODE = #{thcode}
		GROUP BY TO_CHAR(SCDATE,'YYYY-MM-DD')
		ORDER BY SCDATE
	</select>
	
	<select id="selectScheduleTimeList" resultType="com.MovieProject.Dto.Schedule">
		SELECT SCHALL, TO_CHAR(SCDATE,'HH24:MI') AS SCDATE
		FROM SCHEDULES
		WHERE SCDATE > SYSDATE
		  AND MVCODE = #{mvcode} 
		  AND THCODE = #{thcode} 
		  AND TO_CHAR(SCDATE,'YYYY-MM-DD') = #{scdate}
		ORDER BY SCHALL, SCDATE
	</select>
	
	<select id="selectMaxRecode">
		SELECT NVL( MAX(RECODE),'RE00000' ) FROM RESERVES
	</select>
	
	<insert id="insertReserveInfo">
		INSERT INTO RESERVES(RECODE, MID, MVCODE, THCODE, SCHALL, SCDATE, REDATE)
		VALUES(#{recode}, #{mid}, #{mvcode}, #{thcode}, 
		       #{schall}, TO_DATE(#{scdate},'YYYY-MM-DD HH24:MI'), SYSDATE )
	</insert>
	
	<select id="selectRecentReserveInfo"  resultType="hashmap">
		SELECT RE.RECODE, MV.MVTITLE, MV.MVPOSTER,TH.THNAME, SC.SCHALL, SC.SCDATE
		FROM RESERVES RE
			INNER JOIN SCHEDULES SC
			ON RE.THCODE = SC.THCODE AND RE.SCHALL = SC.SCHALL AND RE.SCDATE = SC.SCDATE 
		    INNER JOIN MOVIES MV 
		    ON RE.MVCODE = MV.MVCODE
		    INNER JOIN THEATERS TH
		    ON RE.THCODE = TH.THCODE
		WHERE RE.REDATE = ( SELECT MAX(REDATE) FROM RESERVES WHERE MID =#{loginId} )  
	</select>
	
	<select id="selectReserveInfo" resultType="hashmap">
		SELECT MV.MVCODE, MV.MVTITLE, MV.MVGENRE, MV.MVACTORS, MV.MVINFO,
		       MV.MVPOSTER,TH.THNAME, RE.SCHALL, 
		       TO_CHAR(RE.SCDATE,'YYYY-MM-DD HH24:MI') AS SCDATE
		FROM RESERVES RE
			INNER JOIN MOVIES MV
			ON RE.MVCODE = MV.MVCODE
			INNER JOIN THEATERS TH
			ON RE.THCODE = TH.THCODE
		WHERE RECODE = #{recode}
	</select>
	
	<select id="selectMaxRvCode">
		SELECT NVL( MAX(RVCODE), 'RV00000' ) FROM REVIEWS
	</select>
	
	<insert id="insertReview">
		INSERT INTO REVIEWS(RVCODE, RECODE, MID, RVCOMMENT, RVDATE)
		VALUES( #{rvcode},#{recode}, #{mid}, #{rvcomment}, SYSDATE )
	</insert>
	
	<select id="selectMovieReviewList" resultType="hashmap">
		SELECT RV.RVCODE, RV.RVCOMMENT, RV.RVDATE,
		       RV.MID, MEM.MPROFILE, MEM.MSTATE
		FROM REVIEWS RV
		   INNER JOIN MEMBERS MEM
		   ON RV.MID = MEM.MID
		WHERE RECODE IN ( SELECT RECODE
		                  FROM RESERVES
		                  WHERE MVCODE = #{mvcode} )	
	</select>
	
</mapper>











